horizon,model,best_mtry,splitrule,min_node_size,cv_mse,cv_rmse
1,rf_roll3_caret_cv,1,variance,20,0.453319992844399,0.673290422361999
2,rf_roll3_caret_cv,1,variance,20,0.49082799039704994,0.7005911720804437
3,rf_roll3_caret_cv,1,variance,20,0.5167235956619816,0.7188348876216162
4,rf_roll3_caret_cv,1,variance,20,0.5446847139601754,0.7380275834683792
5,rf_roll3_caret_cv,1,variance,20,0.5583031354996844,0.7471968519069686
6,rf_roll3_caret_cv,1,variance,20,0.5717466611584064,0.7561393133268541
7,rf_roll3_caret_cv,1,variance,20,0.5714029343799816,0.7559119885145238
