horizon,model,best_mtry,splitrule,min_node_size,cv_mse,cv_rmse
1,rf_lag123_caret_cv,1,variance,5,0.34914807769383016,0.5908875338791894
2,rf_lag123_caret_cv,1,variance,5,0.387651051445357,0.6226162955186421
3,rf_lag123_caret_cv,1,variance,5,0.4136857508750553,0.6431840723113837
4,rf_lag123_caret_cv,1,variance,5,0.4318500552473122,0.6571529922684003
5,rf_lag123_caret_cv,1,variance,5,0.45566134167983813,0.6750269192260692
6,rf_lag123_caret_cv,1,variance,5,0.4666168222635289,0.6830935677222623
7,rf_lag123_caret_cv,1,variance,5,0.46535713887085084,0.6821709015128473
