horizon,model,n,crps
1,regime_stack,5184,0.3633610745904495
2,regime_stack,5184,0.3854709200536566
3,regime_stack,5184,0.4194275337546326
4,regime_stack,5184,0.42329847771980295
5,regime_stack,5184,0.4372806687843126
6,regime_stack,5184,0.4218599019773182
7,regime_stack,5184,0.42924299373774405
